ers,key,drug,phenotype
ERS456758,7514-04,EMB,S
ERS456758,7514-04,INH,S
ERS456758,7514-04,PZA,S
ERS456758,7514-04,RIF,R
ERS456758,7514-04,STR,S
ERS456778,1599-04,EMB,R
ERS456778,1599-04,INH,R
ERS456778,1599-04,PZA,R
ERS456778,1599-04,RIF,R
ERS456778,1599-04,STR,R
ERS456816,6775-04,EMB,S
ERS456816,6775-04,INH,S
ERS456816,6775-04,PZA,S
ERS456816,6775-04,RIF,S
ERS456816,6775-04,STR,S
ERS456829,420-04,EMB,S
ERS456829,420-04,INH,S
ERS456829,420-04,PZA,S
ERS456829,420-04,RIF,S
ERS456829,420-04,STR,R
ERS456906,5468-03,EMB,S
ERS456906,5468-03,INH,S
ERS456906,5468-03,PZA,S
ERS456906,5468-03,RIF,S
ERS456906,5468-03,STR,S
ERS456952,6463-04,EMB,S
ERS456952,6463-04,INH,S
ERS456952,6463-04,PZA,S
ERS456952,6463-04,RIF,S
ERS456952,6463-04,STR,S
ERS456981,6769-04,EMB,S
ERS456981,6769-04,INH,S
ERS456981,6769-04,PZA,S
ERS456981,6769-04,RIF,S
ERS456981,6769-04,STR,S
ERS456997,4783-04,EMB,S
ERS456997,4783-04,INH,S
ERS456997,4783-04,PZA,S
ERS456997,4783-04,RIF,S
ERS456997,4783-04,STR,S
ERS457019,6895-04,EMB,S
ERS457019,6895-04,INH,S
ERS457019,6895-04,PZA,S
ERS457019,6895-04,RIF,S
ERS457019,6895-04,STR,S
ERS457053,4781-04,EMB,S
ERS457053,4781-04,INH,R
ERS457053,4781-04,PZA,S
ERS457053,4781-04,RIF,S
ERS457053,4781-04,STR,S
ERS457075,10349-03,EMB,R
ERS457075,10349-03,INH,R
ERS457075,10349-03,PZA,S
ERS457075,10349-03,RIF,S
ERS457075,10349-03,STR,R
ERS457076,4139-04,EMB,S
ERS457076,4139-04,INH,R
ERS457076,4139-04,PZA,R
ERS457076,4139-04,RIF,S
ERS457076,4139-04,STR,R
ERS457092,4712-04,EMB,S
ERS457092,4712-04,INH,S
ERS457092,4712-04,PZA,S
ERS457092,4712-04,RIF,S
ERS457092,4712-04,STR,S
ERS457104,5872-03,EMB,S
ERS457104,5872-03,INH,S
ERS457104,5872-03,PZA,S
ERS457104,5872-03,RIF,S
ERS457104,5872-03,STR,S
ERS457115,8867-03,EMB,S
ERS457115,8867-03,INH,R
ERS457115,8867-03,PZA,S
ERS457115,8867-03,RIF,S
ERS457115,8867-03,STR,S
ERS457122,4148-04,EMB,R
ERS457122,4148-04,INH,R
ERS457122,4148-04,PZA,R
ERS457122,4148-04,RIF,R
ERS457122,4148-04,STR,R
ERS457155,7516-04,EMB,S
ERS457155,7516-04,INH,S
ERS457155,7516-04,PZA,S
ERS457155,7516-04,RIF,S
ERS457155,7516-04,STR,S
ERS457167,3859-03,EMB,S
ERS457167,3859-03,INH,S
ERS457167,3859-03,PZA,S
ERS457167,3859-03,RIF,S
ERS457167,3859-03,STR,R
ERS457170,3865-03,EMB,S
ERS457170,3865-03,INH,S
ERS457170,3865-03,PZA,S
ERS457170,3865-03,RIF,S
ERS457170,3865-03,STR,S
ERS457211,11818-03,EMB,S
ERS457211,11818-03,INH,S
ERS457211,11818-03,PZA,S
ERS457211,11818-03,RIF,S
ERS457211,11818-03,STR,S
ERS457267,11821-03,EMB,S
ERS457267,11821-03,INH,S
ERS457267,11821-03,PZA,S
ERS457267,11821-03,RIF,S
ERS457267,11821-03,STR,S
ERS457317,10206-03,EMB,S
ERS457317,10206-03,INH,S
ERS457317,10206-03,PZA,S
ERS457317,10206-03,RIF,S
ERS457317,10206-03,STR,S
ERS457325,4730-03,EMB,R
ERS457325,4730-03,INH,R
ERS457325,4730-03,PZA,S
ERS457325,4730-03,RIF,R
ERS457325,4730-03,STR,R
ERS457331,6435-03,EMB,S
ERS457331,6435-03,INH,S
ERS457331,6435-03,PZA,S
ERS457331,6435-03,RIF,S
ERS457331,6435-03,STR,S
ERS457344,5870-03,EMB,S
ERS457344,5870-03,INH,S
ERS457344,5870-03,PZA,S
ERS457344,5870-03,RIF,S
ERS457344,5870-03,STR,S
ERS457396,10348-03,EMB,R
ERS457396,10348-03,INH,R
ERS457396,10348-03,PZA,S
ERS457396,10348-03,RIF,R
ERS457396,10348-03,STR,R
ERS457423,1780-04,EMB,S
ERS457423,1780-04,INH,S
ERS457423,1780-04,PZA,S
ERS457423,1780-04,RIF,S
ERS457423,1780-04,STR,S
ERS457433,3494-04,EMB,S
ERS457433,3494-04,INH,S
ERS457433,3494-04,PZA,S
ERS457433,3494-04,RIF,S
ERS457433,3494-04,STR,S
ERS457436,3736-04,EMB,S
ERS457436,3736-04,INH,R
ERS457436,3736-04,PZA,R
ERS457436,3736-04,RIF,S
ERS457436,3736-04,STR,R
ERS457476,4518-03,EMB,R
ERS457476,4518-03,INH,R
ERS457476,4518-03,PZA,R
ERS457476,4518-03,RIF,S
ERS457476,4518-03,STR,R
ERS457550,4516-03,EMB,S
ERS457550,4516-03,INH,S
ERS457550,4516-03,PZA,S
ERS457550,4516-03,RIF,S
ERS457550,4516-03,STR,S
ERS457606,10350-03,EMB,R
ERS457606,10350-03,INH,R
ERS457606,10350-03,PZA,R
ERS457606,10350-03,RIF,R
ERS457606,10350-03,STR,R
ERS457639,3861-03,EMB,S
ERS457639,3861-03,INH,S
ERS457639,3861-03,PZA,S
ERS457639,3861-03,RIF,S
ERS457639,3861-03,STR,R
ERS457645,5253-04,EMB,S
ERS457645,5253-04,INH,S
ERS457645,5253-04,PZA,S
ERS457645,5253-04,RIF,S
ERS457645,5253-04,STR,S
ERS457689,6892-04,EMB,S
ERS457689,6892-04,INH,S
ERS457689,6892-04,PZA,S
ERS457689,6892-04,RIF,S
ERS457689,6892-04,STR,S
ERS457695,4523-03,EMB,S
ERS457695,4523-03,INH,S
ERS457695,4523-03,PZA,S
ERS457695,4523-03,RIF,S
ERS457695,4523-03,STR,R
ERS457742,5248-04,EMB,S
ERS457742,5248-04,INH,S
ERS457742,5248-04,PZA,S
ERS457742,5248-04,RIF,S
ERS457742,5248-04,STR,R
ERS457803,4145-04,EMB,S
ERS457803,4145-04,INH,S
ERS457803,4145-04,PZA,S
ERS457803,4145-04,RIF,S
ERS457803,4145-04,STR,S
ERS457810,6637-04,EMB,S
ERS457810,6637-04,INH,S
ERS457810,6637-04,PZA,S
ERS457810,6637-04,RIF,S
ERS457810,6637-04,STR,S
ERS457811,4785-04,EMB,S
ERS457811,4785-04,INH,S
ERS457811,4785-04,PZA,S
ERS457811,4785-04,RIF,S
ERS457811,4785-04,STR,S
ERS457826,1783-04,EMB,S
ERS457826,1783-04,INH,S
ERS457826,1783-04,PZA,S
ERS457826,1783-04,RIF,S
ERS457826,1783-04,STR,R
ERS457831,12658-03,EMB,S
ERS457831,12658-03,INH,R
ERS457831,12658-03,PZA,S
ERS457831,12658-03,RIF,S
ERS457831,12658-03,STR,R
ERS457837,10012-03,EMB,S
ERS457837,10012-03,INH,S
ERS457837,10012-03,PZA,S
ERS457837,10012-03,RIF,S
ERS457837,10012-03,STR,R
ERS457854,6429-03,EMB,S
ERS457854,6429-03,INH,S
ERS457854,6429-03,PZA,S
ERS457854,6429-03,RIF,S
ERS457854,6429-03,STR,S
ERS457855,12655-03,EMB,S
ERS457855,12655-03,INH,S
ERS457855,12655-03,PZA,S
ERS457855,12655-03,RIF,S
ERS457855,12655-03,STR,S
ERS457914,421-04,EMB,S
ERS457914,421-04,INH,S
ERS457914,421-04,PZA,S
ERS457914,421-04,RIF,S
ERS457914,421-04,STR,S
ERS457923,10011-03,EMB,R
ERS457923,10011-03,INH,R
ERS457923,10011-03,PZA,S
ERS457923,10011-03,RIF,S
ERS457923,10011-03,STR,R
ERS457924,6897-04,EMB,S
ERS457924,6897-04,INH,S
ERS457924,6897-04,PZA,S
ERS457924,6897-04,RIF,S
ERS457924,6897-04,STR,R
ERS457929,3160-04,EMB,S
ERS457929,3160-04,INH,S
ERS457929,3160-04,PZA,S
ERS457929,3160-04,RIF,S
ERS457929,3160-04,STR,S
ERS457942,7538-03,EMB,S
ERS457942,7538-03,INH,S
ERS457942,7538-03,PZA,S
ERS457942,7538-03,RIF,S
ERS457942,7538-03,STR,R
ERS457959,10205-03,EMB,S
ERS457959,10205-03,INH,S
ERS457959,10205-03,PZA,S
ERS457959,10205-03,RIF,S
ERS457959,10205-03,STR,S
ERS458034,7517-04,EMB,S
ERS458034,7517-04,INH,S
ERS458034,7517-04,PZA,S
ERS458034,7517-04,RIF,S
ERS458034,7517-04,STR,R
ERS458043,8868-03,EMB,S
ERS458043,8868-03,INH,R
ERS458043,8868-03,PZA,R
ERS458043,8868-03,RIF,S
ERS458043,8868-03,STR,S
ERS458062,1597-04,EMB,S
ERS458062,1597-04,INH,S
ERS458062,1597-04,PZA,S
ERS458062,1597-04,RIF,S
ERS458062,1597-04,STR,R
ERS458107,3497-04,EMB,S
ERS458107,3497-04,INH,S
ERS458107,3497-04,PZA,S
ERS458107,3497-04,RIF,S
ERS458107,3497-04,STR,S
ERS458130,3158-04,EMB,S
ERS458130,3158-04,INH,S
ERS458130,3158-04,PZA,S
ERS458130,3158-04,RIF,S
ERS458130,3158-04,STR,S
ERS458164,10010-03,EMB,S
ERS458164,10010-03,INH,S
ERS458164,10010-03,PZA,S
ERS458164,10010-03,RIF,S
ERS458164,10010-03,STR,S
ERS458196,6640-04,EMB,S
ERS458196,6640-04,INH,S
ERS458196,6640-04,PZA,S
ERS458196,6640-04,RIF,S
ERS458196,6640-04,STR,S
ERS458204,4724-03,EMB,R
ERS458204,4724-03,INH,R
ERS458204,4724-03,PZA,S
ERS458204,4724-03,RIF,R
ERS458204,4724-03,STR,R
ERS458209,1324-04,EMB,R
ERS458209,1324-04,INH,R
ERS458209,1324-04,PZA,S
ERS458209,1324-04,RIF,R
ERS458209,1324-04,STR,R
ERS458241,11822-03,EMB,R
ERS458241,11822-03,INH,R
ERS458241,11822-03,PZA,S
ERS458241,11822-03,RIF,S
ERS458241,11822-03,STR,R
ERS458258,5687-04,EMB,S
ERS458258,5687-04,INH,S
ERS458258,5687-04,PZA,S
ERS458258,5687-04,RIF,S
ERS458258,5687-04,STR,S
ERS458259,3154-04,EMB,S
ERS458259,3154-04,INH,S
ERS458259,3154-04,PZA,S
ERS458259,3154-04,RIF,S
ERS458259,3154-04,STR,S
ERS458315,3491-04,EMB,S
ERS458315,3491-04,INH,S
ERS458315,3491-04,PZA,S
ERS458315,3491-04,RIF,S
ERS458315,3491-04,STR,S
ERS458341,3496-04,EMB,S
ERS458341,3496-04,INH,S
ERS458341,3496-04,PZA,S
ERS458341,3496-04,RIF,S
ERS458341,3496-04,STR,S
ERS458356,10207-03,EMB,S
ERS458356,10207-03,INH,S
ERS458356,10207-03,PZA,S
ERS458356,10207-03,RIF,S
ERS458356,10207-03,STR,S
ERS458377,11097-03,EMB,S
ERS458377,11097-03,INH,S
ERS458377,11097-03,PZA,S
ERS458377,11097-03,RIF,S
ERS458377,11097-03,STR,S
ERS458403,4779-04,EMB,S
ERS458403,4779-04,INH,S
ERS458403,4779-04,PZA,S
ERS458403,4779-04,RIF,S
ERS458403,4779-04,STR,R
ERS458411,10208-03,EMB,S
ERS458411,10208-03,INH,S
ERS458411,10208-03,PZA,S
ERS458411,10208-03,RIF,S
ERS458411,10208-03,STR,R
ERS458414,5685-04,EMB,S
ERS458414,5685-04,INH,S
ERS458414,5685-04,PZA,S
ERS458414,5685-04,RIF,R
ERS458414,5685-04,STR,R
ERS458448,6639-04,EMB,R
ERS458448,6639-04,INH,R
ERS458448,6639-04,PZA,S
ERS458448,6639-04,RIF,R
ERS458448,6639-04,STR,R
ERS458461,8864-03,EMB,R
ERS458461,8864-03,INH,R
ERS458461,8864-03,PZA,S
ERS458461,8864-03,RIF,R
ERS458461,8864-03,STR,R
ERS458469,1779-04,EMB,S
ERS458469,1779-04,INH,S
ERS458469,1779-04,PZA,S
ERS458469,1779-04,RIF,S
ERS458469,1779-04,STR,S
ERS458480,7520-04,EMB,S
ERS458480,7520-04,INH,R
ERS458480,7520-04,PZA,S
ERS458480,7520-04,RIF,S
ERS458480,7520-04,STR,S
ERS458484,7000-03,EMB,S
ERS458484,7000-03,INH,S
ERS458484,7000-03,PZA,S
ERS458484,7000-03,RIF,S
ERS458484,7000-03,STR,S
ERS458489,7135-04,EMB,R
ERS458489,7135-04,INH,R
ERS458489,7135-04,PZA,S
ERS458489,7135-04,RIF,R
ERS458489,7135-04,STR,R
ERS458497,3156-04,EMB,S
ERS458497,3156-04,INH,R
ERS458497,3156-04,PZA,S
ERS458497,3156-04,RIF,S
ERS458497,3156-04,STR,R
ERS458560,1322-04,EMB,S
ERS458560,1322-04,INH,R
ERS458560,1322-04,PZA,S
ERS458560,1322-04,RIF,S
ERS458560,1322-04,STR,S
ERS458573,4714-04,EMB,S
ERS458573,4714-04,INH,S
ERS458573,4714-04,PZA,S
ERS458573,4714-04,RIF,S
ERS458573,4714-04,STR,S
ERS458588,4514-03,EMB,S
ERS458588,4514-03,INH,R
ERS458588,4514-03,PZA,S
ERS458588,4514-03,RIF,S
ERS458588,4514-03,STR,R
ERS458591,6771-04,EMB,S
ERS458591,6771-04,INH,R
ERS458591,6771-04,PZA,S
ERS458591,6771-04,RIF,S
ERS458591,6771-04,STR,S
ERS458617,10517-03,EMB,S
ERS458617,10517-03,INH,S
ERS458617,10517-03,PZA,S
ERS458617,10517-03,RIF,R
ERS458617,10517-03,STR,R
ERS458627,12657-03,EMB,S
ERS458627,12657-03,INH,S
ERS458627,12657-03,PZA,R
ERS458627,12657-03,RIF,R
ERS458627,12657-03,STR,R
ERS458629,2509-04,EMB,S
ERS458629,2509-04,INH,R
ERS458629,2509-04,PZA,S
ERS458629,2509-04,RIF,S
ERS458629,2509-04,STR,S
ERS458656,4717-04,EMB,S
ERS458656,4717-04,INH,S
ERS458656,4717-04,PZA,S
ERS458656,4717-04,RIF,S
ERS458656,4717-04,STR,S
ERS458677,1327-04,EMB,S
ERS458677,1327-04,INH,S
ERS458677,1327-04,PZA,S
ERS458677,1327-04,RIF,S
ERS458677,1327-04,STR,S
ERS458701,11096-03,EMB,S
ERS458701,11096-03,INH,R
ERS458701,11096-03,PZA,S
ERS458701,11096-03,RIF,S
ERS458701,11096-03,STR,S
ERS458727,8082-03,EMB,S
ERS458727,8082-03,INH,R
ERS458727,8082-03,PZA,S
ERS458727,8082-03,RIF,S
ERS458727,8082-03,STR,S
ERS458744,6467-04,EMB,S
ERS458744,6467-04,INH,R
ERS458744,6467-04,PZA,S
ERS458744,6467-04,RIF,S
ERS458744,6467-04,STR,R
ERS458746,3734-04,EMB,S
ERS458746,3734-04,INH,S
ERS458746,3734-04,PZA,S
ERS458746,3734-04,RIF,S
ERS458746,3734-04,STR,S
ERS458757,5472-03,EMB,S
ERS458757,5472-03,INH,S
ERS458757,5472-03,PZA,S
ERS458757,5472-03,RIF,S
ERS458757,5472-03,STR,R
