cohort,isolate,drug,raw,cal,y
sl_ext,SAMEA2533356,INH,0.20532475411891937,0.23655913978494625,0
sl_ext,SAMEA2533376,INH,0.9949487447738647,0.991889699918897,1
sl_ext,SAMEA2533414,INH,0.8053195476531982,0.8571428571428571,0
sl_ext,SAMEA2533427,INH,0.3234999179840088,0.30303030303030304,0
sl_ext,SAMEA2533504,INH,0.08034384995698929,0.08494208494208494,0
sl_ext,SAMEA2533550,INH,0.04867589846253395,0.03229974160206718,0
sl_ext,SAMEA2533579,INH,0.8026966452598572,0.8571428571428571,0
sl_ext,SAMEA2533595,INH,0.07783890515565872,0.08494208494208494,0
sl_ext,SAMEA2533617,INH,0.32648923993110657,0.30303030303030304,0
sl_ext,SAMEA2533651,INH,0.9914193153381348,0.9881320949432405,1
sl_ext,SAMEA2533673,INH,0.9946379065513611,0.991889699918897,1
sl_ext,SAMEA2533674,INH,0.9950064420700073,0.991889699918897,1
sl_ext,SAMEA2533690,INH,0.8218018412590027,0.8571428571428571,0
sl_ext,SAMEA2533702,INH,0.9779086709022522,0.9774774774774775,0
sl_ext,SAMEA2533713,INH,0.8395956158638,0.9425287356321839,1
sl_ext,SAMEA2533720,INH,0.9960315823554993,0.991889699918897,1
sl_ext,SAMEA2533753,INH,0.7895155549049377,0.8510009501688109,0
sl_ext,SAMEA2533765,INH,0.33107221126556396,0.30303030303030304,0
sl_ext,SAMEA2533809,INH,0.07487823069095612,0.08494208494208494,0
sl_ext,SAMEA2533865,INH,0.3366016149520874,0.30303030303030304,0
sl_ext,SAMEA2533915,INH,0.08034384995698929,0.08494208494208494,0
sl_ext,SAMEA2533929,INH,0.8150209188461304,0.8571428571428571,0
sl_ext,SAMEA2533942,INH,0.05984494090080261,0.046199701937406856,0
sl_ext,SAMEA2533994,INH,0.9916312098503113,0.9881320949432405,1
sl_ext,SAMEA2534021,INH,0.04867589846253395,0.03229974160206718,0
sl_ext,SAMEA2534031,INH,0.34604009985923767,0.30303030303030304,0
sl_ext,SAMEA2534034,INH,0.44358107447624207,0.46153846153846156,1
sl_ext,SAMEA2534074,INH,0.8248737454414368,0.8571428571428571,1
sl_ext,SAMEA2534148,INH,0.055276937782764435,0.046199701937406856,0
sl_ext,SAMEA2534204,INH,0.9920338988304138,0.9881320949432405,1
sl_ext,SAMEA2534237,INH,0.08034384995698929,0.08494208494208494,0
sl_ext,SAMEA2534243,INH,0.8150209188461304,0.8571428571428571,0
sl_ext,SAMEA2534287,INH,0.8150209188461304,0.8571428571428571,0
sl_ext,SAMEA2534293,INH,0.08034384995698929,0.08494208494208494,0
sl_ext,SAMEA2534340,INH,0.07729584723711014,0.08494208494208494,0
sl_ext,SAMEA2534401,INH,0.32685860991477966,0.30303030303030304,0
sl_ext,SAMEA2534408,INH,0.3472651541233063,0.30303030303030304,0
sl_ext,SAMEA2534409,INH,0.07487823069095612,0.08494208494208494,0
sl_ext,SAMEA2534424,INH,0.27245908975601196,0.30303030303030304,0
sl_ext,SAMEA2534429,INH,0.9927670955657959,0.9881320949432405,1
sl_ext,SAMEA2534435,INH,0.39876410365104675,0.4,0
sl_ext,SAMEA2534452,INH,0.30465883016586304,0.30303030303030304,0
sl_ext,SAMEA2534453,INH,0.07783890515565872,0.08494208494208494,0
sl_ext,SAMEA2534512,INH,0.8123741745948792,0.8571428571428571,0
sl_ext,SAMEA2534521,INH,0.9938886165618896,0.9881320949432405,1
sl_ext,SAMEA2534522,INH,0.3570588529109955,0.30303030303030304,0
sl_ext,SAMEA2534527,INH,0.8150209188461304,0.8571428571428571,0
sl_ext,SAMEA2534540,INH,0.07729584723711014,0.08494208494208494,0
sl_ext,SAMEA2534557,INH,0.08034384995698929,0.08494208494208494,0
sl_ext,SAMEA2534632,INH,0.07729584723711014,0.08494208494208494,0
sl_ext,SAMEA2534641,INH,0.37400883436203003,0.30303030303030304,1
sl_ext,SAMEA2534660,INH,0.08034384995698929,0.08494208494208494,0
sl_ext,SAMEA2534705,INH,0.04867589846253395,0.03229974160206718,0
sl_ext,SAMEA2534728,INH,0.04867589846253395,0.03229974160206718,0
sl_ext,SAMEA2534762,INH,0.34604009985923767,0.30303030303030304,0
sl_ext,SAMEA2534794,INH,0.07487823069095612,0.08494208494208494,0
sl_ext,SAMEA2534802,INH,0.993513286113739,0.9881320949432405,1
sl_ext,SAMEA2534807,INH,0.9951385259628296,0.991889699918897,1
sl_ext,SAMEA2534839,INH,0.9918209314346313,0.9881320949432405,1
sl_ext,SAMEA2534856,INH,0.06489825993776321,0.05263157894736842,0
sl_ext,SAMEA2534857,INH,0.07487823069095612,0.08494208494208494,0
sl_ext,SAMEA2534913,INH,0.3472651541233063,0.30303030303030304,0
sl_ext,SAMEA2534939,INH,0.07487823069095612,0.08494208494208494,0
sl_ext,SAMEA2534954,INH,0.07783890515565872,0.08494208494208494,0
sl_ext,SAMEA2534975,INH,0.3234999179840088,0.30303030303030304,0
sl_ext,SAMEA2535001,INH,0.05215967819094658,0.046199701937406856,0
sl_ext,SAMEA2535009,INH,0.8026966452598572,0.8571428571428571,0
sl_ext,SAMEA2535012,INH,0.05215967819094658,0.046199701937406856,0
sl_ext,SAMEA2535046,INH,0.9916312098503113,0.9881320949432405,1
sl_ext,SAMEA2535059,INH,0.996150016784668,0.991889699918897,1
sl_ext,SAMEA2535067,INH,0.04867589846253395,0.03229974160206718,0
sl_ext,SAMEA2535078,INH,0.9917069673538208,0.9881320949432405,1
sl_ext,SAMEA2535082,INH,0.08034384995698929,0.08494208494208494,0
sl_ext,SAMEA2535087,INH,0.9932011961936951,0.9881320949432405,1
sl_ext,SAMEA2535095,INH,0.9944519400596619,0.991889699918897,1
sl_ext,SAMEA2535158,INH,0.5490204691886902,0.6666666666666666,1
sl_ext,SAMEA2535171,INH,0.07783890515565872,0.08494208494208494,0
sl_ext,SAMEA2535186,INH,0.05984494090080261,0.046199701937406856,1
sl_ext,SAMEA2535189,INH,0.9787976145744324,0.9774774774774775,1
sl_ext,SAMEA2535215,INH,0.1643255352973938,0.09090909090909091,0
sl_ext,SAMEA2535225,INH,0.8448114991188049,0.9425287356321839,0
sl_ext,SAMEA2535227,INH,0.9794996976852417,0.9774774774774775,1
sl_ext,SAMEA2535254,INH,0.33699512481689453,0.30303030303030304,0
sl_ext,SAMEA2535275,INH,0.8218018412590027,0.8571428571428571,0
sl_ext,SAMEA2535299,INH,0.9859641790390015,0.9881320949432405,1
sl_ext,SAMEA2535325,INH,0.3234999179840088,0.30303030303030304,1
sl_ext,SAMEA2535342,INH,0.9918209314346313,0.9881320949432405,1
sl_ext,SAMEA2535344,INH,0.07783890515565872,0.08494208494208494,0
sl_ext,SAMEA2535355,INH,0.05215967819094658,0.046199701937406856,0
sl_ext,SAMEA2533356,RIF,0.9713162779808044,0.9568345323741008,1
sl_ext,SAMEA2533376,RIF,0.9897950291633606,0.9784735812133072,1
sl_ext,SAMEA2533414,RIF,0.4014294147491455,0.5471698113207548,0
sl_ext,SAMEA2533427,RIF,0.2792511582374573,0.12871287128712872,0
sl_ext,SAMEA2533504,RIF,0.08733157068490982,0.04435483870967742,0
sl_ext,SAMEA2533550,RIF,0.08984584361314774,0.04435483870967742,0
sl_ext,SAMEA2533579,RIF,0.4686830937862396,0.5471698113207548,0
sl_ext,SAMEA2533595,RIF,0.09285910427570343,0.0810126582278481,0
sl_ext,SAMEA2533617,RIF,0.13891638815402985,0.0810126582278481,0
sl_ext,SAMEA2533651,RIF,0.8303045034408569,0.8902439024390244,0
sl_ext,SAMEA2533673,RIF,0.14616833627223969,0.0810126582278481,0
sl_ext,SAMEA2533674,RIF,0.8726533651351929,0.8902439024390244,0
sl_ext,SAMEA2533690,RIF,0.5753433704376221,0.5789473684210527,0
sl_ext,SAMEA2533702,RIF,0.0771099403500557,0.04435483870967742,0
sl_ext,SAMEA2533713,RIF,0.5797964334487915,0.5789473684210527,0
sl_ext,SAMEA2533720,RIF,0.9897950291633606,0.9784735812133072,1
sl_ext,SAMEA2533753,RIF,0.08847177773714066,0.04435483870967742,0
sl_ext,SAMEA2533765,RIF,0.08826695382595062,0.04435483870967742,0
sl_ext,SAMEA2533809,RIF,0.35024452209472656,0.2857142857142857,0
sl_ext,SAMEA2533865,RIF,0.2054421454668045,0.11538461538461539,0
sl_ext,SAMEA2533915,RIF,0.08847177773714066,0.04435483870967742,0
sl_ext,SAMEA2533929,RIF,0.4686830937862396,0.5471698113207548,0
sl_ext,SAMEA2533942,RIF,0.2729087173938751,0.12871287128712872,0
sl_ext,SAMEA2533994,RIF,0.9825971722602844,0.9784735812133072,1
sl_ext,SAMEA2534021,RIF,0.08984584361314774,0.04435483870967742,0
sl_ext,SAMEA2534031,RIF,0.25870242714881897,0.12871287128712872,0
sl_ext,SAMEA2534034,RIF,0.26682761311531067,0.12871287128712872,0
sl_ext,SAMEA2534074,RIF,0.5336863994598389,0.5789473684210527,0
sl_ext,SAMEA2534148,RIF,0.05719538778066635,0.03232323232323232,0
sl_ext,SAMEA2534204,RIF,0.9327272176742554,0.90625,1
sl_ext,SAMEA2534237,RIF,0.08847177773714066,0.04435483870967742,0
sl_ext,SAMEA2534243,RIF,0.4905739724636078,0.5471698113207548,0
sl_ext,SAMEA2534287,RIF,0.4205021858215332,0.5471698113207548,0
sl_ext,SAMEA2534293,RIF,0.09285910427570343,0.0810126582278481,0
sl_ext,SAMEA2534340,RIF,0.07758139073848724,0.04435483870967742,0
sl_ext,SAMEA2534401,RIF,0.08227136731147766,0.04435483870967742,0
sl_ext,SAMEA2534408,RIF,0.16381579637527466,0.10227272727272728,0
sl_ext,SAMEA2534409,RIF,0.19601866602897644,0.10911280863776417,0
sl_ext,SAMEA2534424,RIF,0.09722380340099335,0.0810126582278481,0
sl_ext,SAMEA2534429,RIF,0.5974950194358826,0.5789473684210527,0
sl_ext,SAMEA2534435,RIF,0.09886705130338669,0.0810126582278481,0
sl_ext,SAMEA2534452,RIF,0.08826695382595062,0.04435483870967742,0
sl_ext,SAMEA2534453,RIF,0.09285910427570343,0.0810126582278481,0
sl_ext,SAMEA2534512,RIF,0.47060686349868774,0.5471698113207548,0
sl_ext,SAMEA2534521,RIF,0.7471187710762024,0.65625,0
sl_ext,SAMEA2534522,RIF,0.25870242714881897,0.12871287128712872,0
sl_ext,SAMEA2534527,RIF,0.3951864242553711,0.5471698113207548,0
sl_ext,SAMEA2534540,RIF,0.07758139073848724,0.04435483870967742,0
sl_ext,SAMEA2534557,RIF,0.08847177773714066,0.04435483870967742,0
sl_ext,SAMEA2534632,RIF,0.07758139073848724,0.04435483870967742,0
sl_ext,SAMEA2534641,RIF,0.43838658928871155,0.5471698113207548,0
sl_ext,SAMEA2534660,RIF,0.09285910427570343,0.0810126582278481,0
sl_ext,SAMEA2534705,RIF,0.10061462968587875,0.0810126582278481,0
sl_ext,SAMEA2534728,RIF,0.08984584361314774,0.04435483870967742,0
sl_ext,SAMEA2534762,RIF,0.25870242714881897,0.12871287128712872,0
sl_ext,SAMEA2534794,RIF,0.19155824184417725,0.10227272727272728,0
sl_ext,SAMEA2534802,RIF,0.9550096392631531,0.9441964285714286,1
sl_ext,SAMEA2534807,RIF,0.9893009066581726,0.9784735812133072,1
sl_ext,SAMEA2534839,RIF,0.8714203834533691,0.8902439024390244,0
sl_ext,SAMEA2534856,RIF,0.08531223237514496,0.04435483870967742,0
sl_ext,SAMEA2534857,RIF,0.35024452209472656,0.2857142857142857,0
sl_ext,SAMEA2534913,RIF,0.15093643963336945,0.0810126582278481,0
sl_ext,SAMEA2534939,RIF,0.35024452209472656,0.2857142857142857,0
sl_ext,SAMEA2534954,RIF,0.09285910427570343,0.0810126582278481,0
sl_ext,SAMEA2534975,RIF,0.09886705130338669,0.0810126582278481,0
sl_ext,SAMEA2535001,RIF,0.08984584361314774,0.04435483870967742,0
sl_ext,SAMEA2535009,RIF,0.5299206972122192,0.5789473684210527,0
sl_ext,SAMEA2535012,RIF,0.9772672653198242,0.96875,1
sl_ext,SAMEA2535046,RIF,0.9890314936637878,0.9784735812133072,1
sl_ext,SAMEA2535059,RIF,0.9771187901496887,0.96875,1
sl_ext,SAMEA2535067,RIF,0.08984584361314774,0.04435483870967742,0
sl_ext,SAMEA2535078,RIF,0.10774489492177963,0.0810126582278481,0
sl_ext,SAMEA2535082,RIF,0.25933679938316345,0.12871287128712872,0
sl_ext,SAMEA2535087,RIF,0.9958803653717041,0.9938271604938271,1
sl_ext,SAMEA2535095,RIF,0.09317788481712341,0.0810126582278481,0
sl_ext,SAMEA2535158,RIF,0.2328634113073349,0.12871287128712872,0
sl_ext,SAMEA2535171,RIF,0.09909380227327347,0.0810126582278481,0
sl_ext,SAMEA2535186,RIF,0.094810351729393,0.0810126582278481,0
sl_ext,SAMEA2535189,RIF,0.11269475519657135,0.0810126582278481,0
sl_ext,SAMEA2535215,RIF,0.9918423891067505,0.9784735812133072,1
sl_ext,SAMEA2535225,RIF,0.9875305891036987,0.9784735812133072,1
sl_ext,SAMEA2535227,RIF,0.10419156402349472,0.0810126582278481,0
sl_ext,SAMEA2535254,RIF,0.11800915002822876,0.0810126582278481,0
sl_ext,SAMEA2535275,RIF,0.4987533390522003,0.5471698113207548,0
sl_ext,SAMEA2535299,RIF,0.23703713715076447,0.12871287128712872,0
sl_ext,SAMEA2535325,RIF,0.09886705130338669,0.0810126582278481,0
sl_ext,SAMEA2535342,RIF,0.8303045034408569,0.8902439024390244,0
sl_ext,SAMEA2535344,RIF,0.09285910427570343,0.0810126582278481,0
sl_ext,SAMEA2535355,RIF,0.2747192084789276,0.12871287128712872,0
sl_ext,SAMEA2533356,EMB,0.015167557634413242,0.00463678516228748,0
sl_ext,SAMEA2533376,EMB,0.7902787327766418,0.639344262295082,1
sl_ext,SAMEA2533414,EMB,0.12891174852848053,0.037267080745341616,0
sl_ext,SAMEA2533427,EMB,0.015742871910333633,0.00463678516228748,0
sl_ext,SAMEA2533504,EMB,0.01020244974642992,0.00463678516228748,0
sl_ext,SAMEA2533550,EMB,0.010174578987061977,0.00463678516228748,0
sl_ext,SAMEA2533579,EMB,0.0892372578382492,0.02242152466367713,0
sl_ext,SAMEA2533595,EMB,0.009555797092616558,0.00463678516228748,0
sl_ext,SAMEA2533617,EMB,0.008696872740983963,0.0,0
sl_ext,SAMEA2533651,EMB,0.07752444595098495,0.02242152466367713,0
sl_ext,SAMEA2533673,EMB,0.21105064451694489,0.05555555555555555,1
sl_ext,SAMEA2533674,EMB,0.7397856116294861,0.4999999999999999,0
sl_ext,SAMEA2533690,EMB,0.12140052020549774,0.037267080745341616,0
sl_ext,SAMEA2533702,EMB,0.010438065975904465,0.00463678516228748,0
sl_ext,SAMEA2533713,EMB,0.6558643579483032,0.4230769230769231,0
sl_ext,SAMEA2533720,EMB,0.7782849669456482,0.639344262295082,1
sl_ext,SAMEA2533753,EMB,0.01026775874197483,0.00463678516228748,0
sl_ext,SAMEA2533765,EMB,0.01255826000124216,0.00463678516228748,0
sl_ext,SAMEA2533809,EMB,0.042355362325906754,0.022040816326530613,0
sl_ext,SAMEA2533865,EMB,0.012887735851109028,0.00463678516228748,0
sl_ext,SAMEA2533915,EMB,0.01020244974642992,0.00463678516228748,0
sl_ext,SAMEA2533929,EMB,0.0892372578382492,0.02242152466367713,0
sl_ext,SAMEA2533942,EMB,0.01165557000786066,0.00463678516228748,0
sl_ext,SAMEA2533994,EMB,0.0352521687746048,0.011961722488038277,1
sl_ext,SAMEA2534021,EMB,0.010174578987061977,0.00463678516228748,0
sl_ext,SAMEA2534031,EMB,0.01343751884996891,0.00463678516228748,0
sl_ext,SAMEA2534034,EMB,0.020109986886382103,0.005270092226613966,0
sl_ext,SAMEA2534074,EMB,0.7222845554351807,0.4999999999999999,1
sl_ext,SAMEA2534148,EMB,0.009191657416522503,0.00463678516228748,0
sl_ext,SAMEA2534204,EMB,0.8348243236541748,0.639344262295082,1
sl_ext,SAMEA2534237,EMB,0.010334441438317299,0.00463678516228748,0
sl_ext,SAMEA2534243,EMB,0.11475957185029984,0.037267080745341616,0
sl_ext,SAMEA2534287,EMB,0.11475957185029984,0.037267080745341616,0
sl_ext,SAMEA2534293,EMB,0.011460896581411362,0.00463678516228748,0
sl_ext,SAMEA2534340,EMB,0.01450263150036335,0.00463678516228748,0
sl_ext,SAMEA2534401,EMB,0.011318998411297798,0.00463678516228748,0
sl_ext,SAMEA2534408,EMB,0.011291910894215107,0.00463678516228748,0
sl_ext,SAMEA2534409,EMB,0.009510875679552555,0.00463678516228748,0
sl_ext,SAMEA2534424,EMB,0.010826279409229755,0.00463678516228748,0
sl_ext,SAMEA2534429,EMB,0.020747747272253036,0.005270092226613966,0
sl_ext,SAMEA2534435,EMB,0.017727861180901527,0.005270092226613966,0
sl_ext,SAMEA2534452,EMB,0.011318998411297798,0.00463678516228748,0
sl_ext,SAMEA2534453,EMB,0.00991392694413662,0.00463678516228748,0
sl_ext,SAMEA2534512,EMB,0.12891174852848053,0.037267080745341616,0
sl_ext,SAMEA2534521,EMB,0.35003435611724854,0.24324324324324326,1
sl_ext,SAMEA2534522,EMB,0.01343751884996891,0.00463678516228748,0
sl_ext,SAMEA2534527,EMB,0.11858843266963959,0.037267080745341616,0
sl_ext,SAMEA2534540,EMB,0.01450263150036335,0.00463678516228748,0
sl_ext,SAMEA2534557,EMB,0.010690665803849697,0.00463678516228748,0
sl_ext,SAMEA2534632,EMB,0.01450263150036335,0.00463678516228748,0
sl_ext,SAMEA2534641,EMB,0.05368082597851753,0.022040816326530613,0
sl_ext,SAMEA2534660,EMB,0.011460896581411362,0.00463678516228748,0
sl_ext,SAMEA2534705,EMB,0.015636982396245003,0.00463678516228748,0
sl_ext,SAMEA2534728,EMB,0.010174578987061977,0.00463678516228748,0
sl_ext,SAMEA2534762,EMB,0.01343751884996891,0.00463678516228748,0
sl_ext,SAMEA2534794,EMB,0.00986733939498663,0.00463678516228748,0
sl_ext,SAMEA2534802,EMB,0.8102794289588928,0.639344262295082,1
sl_ext,SAMEA2534807,EMB,0.6156517863273621,0.39119601755068,1
sl_ext,SAMEA2534839,EMB,0.537421703338623,0.3770491803278688,1
sl_ext,SAMEA2534856,EMB,0.010174578987061977,0.00463678516228748,0
sl_ext,SAMEA2534857,EMB,0.040318094193935394,0.011961722488038277,0
sl_ext,SAMEA2534913,EMB,0.010326680727303028,0.00463678516228748,0
sl_ext,SAMEA2534939,EMB,0.040318094193935394,0.011961722488038277,0
sl_ext,SAMEA2534954,EMB,0.00991392694413662,0.00463678516228748,0
sl_ext,SAMEA2534975,EMB,0.016469039022922516,0.005270092226613966,0
sl_ext,SAMEA2535001,EMB,0.010174578987061977,0.00463678516228748,0
sl_ext,SAMEA2535009,EMB,0.12140052020549774,0.037267080745341616,0
sl_ext,SAMEA2535012,EMB,0.010174578987061977,0.00463678516228748,0
sl_ext,SAMEA2535046,EMB,0.32220467925071716,0.15384615384615385,1
sl_ext,SAMEA2535059,EMB,0.8363025784492493,0.639344262295082,1
sl_ext,SAMEA2535067,EMB,0.010174578987061977,0.00463678516228748,0
sl_ext,SAMEA2535078,EMB,0.021454336121678352,0.005270092226613966,0
sl_ext,SAMEA2535082,EMB,0.009961269795894623,0.00463678516228748,0
sl_ext,SAMEA2535087,EMB,0.9424667358398438,0.8322981366459627,1
sl_ext,SAMEA2535095,EMB,0.09485246986150742,0.03614457831325301,0
sl_ext,SAMEA2535158,EMB,0.017077792435884476,0.005270092226613966,0
sl_ext,SAMEA2535171,EMB,0.016521845012903214,0.005270092226613966,0
sl_ext,SAMEA2535186,EMB,0.016867000609636307,0.005270092226613966,0
sl_ext,SAMEA2535189,EMB,0.012392967008054256,0.00463678516228748,0
sl_ext,SAMEA2535215,EMB,0.07161391526460648,0.022040816326530613,0
sl_ext,SAMEA2535225,EMB,0.17110568284988403,0.052980132450331126,0
sl_ext,SAMEA2535227,EMB,0.010309653356671333,0.00463678516228748,0
sl_ext,SAMEA2535254,EMB,0.010326680727303028,0.00463678516228748,0
sl_ext,SAMEA2535275,EMB,0.11052877455949783,0.037267080745341616,0
sl_ext,SAMEA2535299,EMB,0.12529876828193665,0.037267080745341616,0
sl_ext,SAMEA2535325,EMB,0.016469039022922516,0.005270092226613966,0
sl_ext,SAMEA2535342,EMB,0.07392615079879761,0.02242152466367713,0
sl_ext,SAMEA2535344,EMB,0.00991392694413662,0.00463678516228748,0
sl_ext,SAMEA2535355,EMB,0.009723198600113392,0.00463678516228748,0
sl_ext,SAMEA2533356,PZA,0.2140084207057953,0.3058103975535168,0
sl_ext,SAMEA2533376,PZA,0.7844865918159485,0.8365081492973198,1
sl_ext,SAMEA2533414,PZA,0.2140084207057953,0.3058103975535168,0
sl_ext,SAMEA2533427,PZA,0.2140084207057953,0.3058103975535168,0
sl_ext,SAMEA2533504,PZA,0.2140084207057953,0.3058103975535168,0
sl_ext,SAMEA2533550,PZA,0.2140084207057953,0.3058103975535168,0
sl_ext,SAMEA2533579,PZA,0.2140084207057953,0.3058103975535168,0
sl_ext,SAMEA2533595,PZA,0.2140084207057953,0.3058103975535168,0
sl_ext,SAMEA2533617,PZA,0.2140084207057953,0.3058103975535168,0
sl_ext,SAMEA2533651,PZA,0.2140084207057953,0.3058103975535168,0
sl_ext,SAMEA2533673,PZA,0.2140084207057953,0.3058103975535168,0
sl_ext,SAMEA2533674,PZA,0.7844865918159485,0.8365081492973198,1
sl_ext,SAMEA2533690,PZA,0.2140084207057953,0.3058103975535168,0
sl_ext,SAMEA2533702,PZA,0.2140084207057953,0.3058103975535168,0
sl_ext,SAMEA2533713,PZA,0.2140084207057953,0.3058103975535168,0
sl_ext,SAMEA2533720,PZA,0.7844865918159485,0.8365081492973198,1
sl_ext,SAMEA2533753,PZA,0.2140084207057953,0.3058103975535168,0
sl_ext,SAMEA2533765,PZA,0.2140084207057953,0.3058103975535168,0
sl_ext,SAMEA2533809,PZA,0.2140084207057953,0.3058103975535168,0
sl_ext,SAMEA2533865,PZA,0.2140084207057953,0.3058103975535168,0
sl_ext,SAMEA2533915,PZA,0.2140084207057953,0.3058103975535168,0
sl_ext,SAMEA2533929,PZA,0.2140084207057953,0.3058103975535168,0
sl_ext,SAMEA2533942,PZA,0.2140084207057953,0.3058103975535168,0
sl_ext,SAMEA2533994,PZA,0.2140084207057953,0.3058103975535168,0
sl_ext,SAMEA2534021,PZA,0.2140084207057953,0.3058103975535168,0
sl_ext,SAMEA2534031,PZA,0.2140084207057953,0.3058103975535168,0
sl_ext,SAMEA2534034,PZA,0.8578646183013916,0.9448818897637795,1
sl_ext,SAMEA2534074,PZA,0.7844865918159485,0.8365081492973198,1
sl_ext,SAMEA2534148,PZA,0.2140084207057953,0.3058103975535168,0
sl_ext,SAMEA2534204,PZA,0.7844865918159485,0.8365081492973198,1
sl_ext,SAMEA2534237,PZA,0.2140084207057953,0.3058103975535168,0
sl_ext,SAMEA2534243,PZA,0.2140084207057953,0.3058103975535168,0
sl_ext,SAMEA2534287,PZA,0.2140084207057953,0.3058103975535168,0
sl_ext,SAMEA2534293,PZA,0.2140084207057953,0.3058103975535168,0
sl_ext,SAMEA2534340,PZA,0.2140084207057953,0.3058103975535168,0
sl_ext,SAMEA2534401,PZA,0.2140084207057953,0.3058103975535168,0
sl_ext,SAMEA2534408,PZA,0.2140084207057953,0.3058103975535168,0
sl_ext,SAMEA2534409,PZA,0.2140084207057953,0.3058103975535168,0
sl_ext,SAMEA2534424,PZA,0.2140084207057953,0.3058103975535168,0
sl_ext,SAMEA2534429,PZA,0.2140084207057953,0.3058103975535168,0
sl_ext,SAMEA2534435,PZA,0.2140084207057953,0.3058103975535168,0
sl_ext,SAMEA2534452,PZA,0.2140084207057953,0.3058103975535168,0
sl_ext,SAMEA2534453,PZA,0.2140084207057953,0.3058103975535168,0
sl_ext,SAMEA2534512,PZA,0.2140084207057953,0.3058103975535168,0
sl_ext,SAMEA2534521,PZA,0.2140084207057953,0.3058103975535168,0
sl_ext,SAMEA2534522,PZA,0.2140084207057953,0.3058103975535168,0
sl_ext,SAMEA2534527,PZA,0.2140084207057953,0.3058103975535168,0
sl_ext,SAMEA2534540,PZA,0.2140084207057953,0.3058103975535168,0
sl_ext,SAMEA2534557,PZA,0.2140084207057953,0.3058103975535168,0
sl_ext,SAMEA2534632,PZA,0.2140084207057953,0.3058103975535168,0
sl_ext,SAMEA2534641,PZA,0.7844865918159485,0.8365081492973198,1
sl_ext,SAMEA2534660,PZA,0.2140084207057953,0.3058103975535168,0
sl_ext,SAMEA2534705,PZA,0.2140084207057953,0.3058103975535168,0
sl_ext,SAMEA2534728,PZA,0.2140084207057953,0.3058103975535168,0
sl_ext,SAMEA2534762,PZA,0.2140084207057953,0.3058103975535168,0
sl_ext,SAMEA2534794,PZA,0.2140084207057953,0.3058103975535168,0
sl_ext,SAMEA2534802,PZA,0.31243276596069336,0.4049586776859504,0
sl_ext,SAMEA2534807,PZA,0.2140084207057953,0.3058103975535168,0
sl_ext,SAMEA2534839,PZA,0.2140084207057953,0.3058103975535168,0
sl_ext,SAMEA2534856,PZA,0.2140084207057953,0.3058103975535168,0
sl_ext,SAMEA2534857,PZA,0.2140084207057953,0.3058103975535168,0
sl_ext,SAMEA2534913,PZA,0.2140084207057953,0.3058103975535168,0
sl_ext,SAMEA2534939,PZA,0.2140084207057953,0.3058103975535168,0
sl_ext,SAMEA2534954,PZA,0.2140084207057953,0.3058103975535168,0
sl_ext,SAMEA2534975,PZA,0.2140084207057953,0.3058103975535168,0
sl_ext,SAMEA2535001,PZA,0.2140084207057953,0.3058103975535168,0
sl_ext,SAMEA2535009,PZA,0.2140084207057953,0.3058103975535168,0
sl_ext,SAMEA2535012,PZA,0.2140084207057953,0.3058103975535168,0
sl_ext,SAMEA2535046,PZA,0.2140084207057953,0.3058103975535168,0
sl_ext,SAMEA2535059,PZA,0.7844865918159485,0.8365081492973198,0
sl_ext,SAMEA2535067,PZA,0.2140084207057953,0.3058103975535168,0
sl_ext,SAMEA2535078,PZA,0.2140084207057953,0.3058103975535168,0
sl_ext,SAMEA2535082,PZA,0.2140084207057953,0.3058103975535168,0
sl_ext,SAMEA2535087,PZA,0.2140084207057953,0.3058103975535168,0
sl_ext,SAMEA2535095,PZA,0.2140084207057953,0.3058103975535168,0
sl_ext,SAMEA2535158,PZA,0.7844865918159485,0.8365081492973198,0
sl_ext,SAMEA2535171,PZA,0.2140084207057953,0.3058103975535168,0
sl_ext,SAMEA2535186,PZA,0.2140084207057953,0.3058103975535168,0
sl_ext,SAMEA2535189,PZA,0.2140084207057953,0.3058103975535168,0
sl_ext,SAMEA2535215,PZA,0.2140084207057953,0.3058103975535168,0
sl_ext,SAMEA2535225,PZA,0.7844865918159485,0.8365081492973198,1
sl_ext,SAMEA2535227,PZA,0.2140084207057953,0.3058103975535168,0
sl_ext,SAMEA2535254,PZA,0.2140084207057953,0.3058103975535168,0
sl_ext,SAMEA2535275,PZA,0.2140084207057953,0.3058103975535168,0
sl_ext,SAMEA2535299,PZA,0.2140084207057953,0.3058103975535168,0
sl_ext,SAMEA2535325,PZA,0.2140084207057953,0.3058103975535168,0
sl_ext,SAMEA2535342,PZA,0.2140084207057953,0.3058103975535168,0
sl_ext,SAMEA2535344,PZA,0.2140084207057953,0.3058103975535168,0
sl_ext,SAMEA2535355,PZA,0.2140084207057953,0.3058103975535168,0
sl_ext,SAMEA2533356,STR,0.21322618424892426,0.3767441860465116,0
sl_ext,SAMEA2533376,STR,0.9649809002876282,0.9792746113989638,1
sl_ext,SAMEA2533414,STR,0.8668279647827148,0.9669117647058824,0
sl_ext,SAMEA2533427,STR,0.20866179466247559,0.3767441860465116,1
sl_ext,SAMEA2533504,STR,0.21322618424892426,0.3767441860465116,0
sl_ext,SAMEA2533550,STR,0.20866179466247559,0.3767441860465116,0
sl_ext,SAMEA2533579,STR,0.520567774772644,0.76,0
sl_ext,SAMEA2533595,STR,0.20866179466247559,0.3767441860465116,0
sl_ext,SAMEA2533617,STR,0.6129682660102844,0.76,0
sl_ext,SAMEA2533651,STR,0.20866179466247559,0.3767441860465116,0
sl_ext,SAMEA2533673,STR,0.9584379196166992,0.9669117647058824,1
sl_ext,SAMEA2533674,STR,0.9738392233848572,0.9792746113989638,1
sl_ext,SAMEA2533690,STR,0.520567774772644,0.76,0
sl_ext,SAMEA2533702,STR,0.20866179466247559,0.3767441860465116,0
sl_ext,SAMEA2533713,STR,0.520567774772644,0.76,0
sl_ext,SAMEA2533720,STR,0.9649809002876282,0.9792746113989638,1
sl_ext,SAMEA2533753,STR,0.21322618424892426,0.3767441860465116,0
sl_ext,SAMEA2533765,STR,0.8668279647827148,0.9669117647058824,1
sl_ext,SAMEA2533809,STR,0.20866179466247559,0.3767441860465116,0
sl_ext,SAMEA2533865,STR,0.520567774772644,0.76,0
sl_ext,SAMEA2533915,STR,0.384334921836853,0.6170212765957447,0
sl_ext,SAMEA2533929,STR,0.520567774772644,0.76,0
sl_ext,SAMEA2533942,STR,0.19947482645511627,0.33663366336633666,0
sl_ext,SAMEA2533994,STR,0.6612306833267212,0.76,1
sl_ext,SAMEA2534021,STR,0.20866179466247559,0.3767441860465116,0
sl_ext,SAMEA2534031,STR,0.520567774772644,0.76,0
sl_ext,SAMEA2534034,STR,0.520567774772644,0.76,1
sl_ext,SAMEA2534074,STR,0.9751291275024414,0.9792746113989638,1
sl_ext,SAMEA2534148,STR,0.20866179466247559,0.3767441860465116,0
sl_ext,SAMEA2534204,STR,0.520567774772644,0.76,1
sl_ext,SAMEA2534237,STR,0.520567774772644,0.76,1
sl_ext,SAMEA2534243,STR,0.520567774772644,0.76,0
sl_ext,SAMEA2534287,STR,0.520567774772644,0.76,0
sl_ext,SAMEA2534293,STR,0.384334921836853,0.6170212765957447,1
sl_ext,SAMEA2534340,STR,0.520567774772644,0.76,1
sl_ext,SAMEA2534401,STR,0.21322618424892426,0.3767441860465116,0
sl_ext,SAMEA2534408,STR,0.6129682660102844,0.76,0
sl_ext,SAMEA2534409,STR,0.20866179466247559,0.3767441860465116,0
sl_ext,SAMEA2534424,STR,0.520567774772644,0.76,1
sl_ext,SAMEA2534429,STR,0.9732708930969238,0.9792746113989638,1
sl_ext,SAMEA2534435,STR,0.9584379196166992,0.9669117647058824,1
sl_ext,SAMEA2534452,STR,0.20866179466247559,0.3767441860465116,0
sl_ext,SAMEA2534453,STR,0.20866179466247559,0.3767441860465116,0
sl_ext,SAMEA2534512,STR,0.8668279647827148,0.9669117647058824,0
sl_ext,SAMEA2534521,STR,0.9687582850456238,0.9792746113989638,1
sl_ext,SAMEA2534522,STR,0.9751291275024414,0.9792746113989638,1
sl_ext,SAMEA2534527,STR,0.520567774772644,0.76,0
sl_ext,SAMEA2534540,STR,0.520567774772644,0.76,1
sl_ext,SAMEA2534557,STR,0.21322618424892426,0.3767441860465116,0
sl_ext,SAMEA2534632,STR,0.520567774772644,0.76,1
sl_ext,SAMEA2534641,STR,0.520567774772644,0.76,0
sl_ext,SAMEA2534660,STR,0.384334921836853,0.6170212765957447,1
sl_ext,SAMEA2534705,STR,0.20866179466247559,0.3767441860465116,0
sl_ext,SAMEA2534728,STR,0.20866179466247559,0.3767441860465116,0
sl_ext,SAMEA2534762,STR,0.520567774772644,0.76,0
sl_ext,SAMEA2534794,STR,0.20866179466247559,0.3767441860465116,0
sl_ext,SAMEA2534802,STR,0.9732708930969238,0.9792746113989638,1
sl_ext,SAMEA2534807,STR,0.9584379196166992,0.9669117647058824,1
sl_ext,SAMEA2534839,STR,0.9649809002876282,0.9792746113989638,1
sl_ext,SAMEA2534856,STR,0.20866179466247559,0.3767441860465116,0
sl_ext,SAMEA2534857,STR,0.20866179466247559,0.3767441860465116,0
sl_ext,SAMEA2534913,STR,0.6129682660102844,0.76,0
sl_ext,SAMEA2534939,STR,0.20866179466247559,0.3767441860465116,0
sl_ext,SAMEA2534954,STR,0.20866179466247559,0.3767441860465116,0
sl_ext,SAMEA2534975,STR,0.20866179466247559,0.3767441860465116,0
sl_ext,SAMEA2535001,STR,0.520567774772644,0.76,1
sl_ext,SAMEA2535009,STR,0.6129682660102844,0.76,1
sl_ext,SAMEA2535012,STR,0.520567774772644,0.76,1
sl_ext,SAMEA2535046,STR,0.6612306833267212,0.76,1
sl_ext,SAMEA2535059,STR,0.9738392233848572,0.9792746113989638,1
sl_ext,SAMEA2535067,STR,0.20866179466247559,0.3767441860465116,0
sl_ext,SAMEA2535078,STR,0.384334921836853,0.6170212765957447,0
sl_ext,SAMEA2535082,STR,0.21322618424892426,0.3767441860465116,0
sl_ext,SAMEA2535087,STR,0.9732708930969238,0.9792746113989638,1
sl_ext,SAMEA2535095,STR,0.9584379196166992,0.9669117647058824,1
sl_ext,SAMEA2535158,STR,0.20866179466247559,0.3767441860465116,0
sl_ext,SAMEA2535171,STR,0.5931975245475769,0.76,0
sl_ext,SAMEA2535186,STR,0.19947482645511627,0.33663366336633666,1
sl_ext,SAMEA2535189,STR,0.20866179466247559,0.3767441860465116,0
sl_ext,SAMEA2535215,STR,0.6129682660102844,0.76,1
sl_ext,SAMEA2535225,STR,0.9751291275024414,0.9792746113989638,1
sl_ext,SAMEA2535227,STR,0.384334921836853,0.6170212765957447,0
sl_ext,SAMEA2535254,STR,0.6129682660102844,0.76,0
sl_ext,SAMEA2535275,STR,0.520567774772644,0.76,0
sl_ext,SAMEA2535299,STR,0.20866179466247559,0.3767441860465116,0
sl_ext,SAMEA2535325,STR,0.20866179466247559,0.3767441860465116,0
sl_ext,SAMEA2535342,STR,0.9649809002876282,0.9792746113989638,1
sl_ext,SAMEA2535344,STR,0.20866179466247559,0.3767441860465116,0
sl_ext,SAMEA2535355,STR,0.520567774772644,0.76,1
bel_ext,SAMN02419533,INH,0.9942658543586731,0.991889699918897,1
bel_ext,SAMN02419534,INH,0.9943300485610962,0.991889699918897,1
bel_ext,SAMN02419537,INH,0.04372979700565338,0.024705882352941175,0
bel_ext,SAMN02419541,INH,0.9941768646240234,0.9881320949432405,1
bel_ext,SAMN02419542,INH,0.9936947226524353,0.9881320949432405,1
bel_ext,SAMN02419544,INH,0.33063650131225586,0.30303030303030304,0
bel_ext,SAMN02419546,INH,0.04867589846253395,0.03229974160206718,0
bel_ext,SAMN02419550,INH,0.990467369556427,0.9881320949432405,1
bel_ext,SAMN02419551,INH,0.9976342916488647,0.991889699918897,1
bel_ext,SAMN02419552,INH,0.9910451173782349,0.9881320949432405,0
bel_ext,SAMN02419555,INH,0.9975675344467163,0.991889699918897,1
bel_ext,SAMN02419556,INH,0.9962645173072815,0.991889699918897,1
bel_ext,SAMN02419558,INH,0.9944257736206055,0.991889699918897,1
bel_ext,SAMN02419559,INH,0.9910320043563843,0.9881320949432405,0
bel_ext,SAMN02419560,INH,0.9934443235397339,0.9881320949432405,1
bel_ext,SAMN02419561,INH,0.9937073588371277,0.9881320949432405,1
bel_ext,SAMN02419563,INH,0.9976342916488647,0.991889699918897,1
bel_ext,SAMN02419566,INH,0.9976504445075989,0.991889699918897,1
bel_ext,SAMN02419568,INH,0.04867589846253395,0.03229974160206718,0
bel_ext,SAMN02419569,INH,0.9941768646240234,0.9881320949432405,1
bel_ext,SAMN02419570,INH,0.9941768646240234,0.9881320949432405,1
bel_ext,SAMN02419572,INH,0.9976342916488647,0.991889699918897,1
bel_ext,SAMN02419573,INH,0.9936512112617493,0.9881320949432405,1
bel_ext,SAMN02419575,INH,0.04867589846253395,0.03229974160206718,0
bel_ext,SAMN02419577,INH,0.9932674169540405,0.9881320949432405,1
bel_ext,SAMN02419578,INH,0.997766375541687,0.991889699918897,1
bel_ext,SAMN02419579,INH,0.9934126734733582,0.9881320949432405,1
bel_ext,SAMN02419580,INH,0.9938380122184753,0.9881320949432405,0
bel_ext,SAMN02419581,INH,0.04867589846253395,0.03229974160206718,0
bel_ext,SAMN02419583,INH,0.9944449067115784,0.991889699918897,1
bel_ext,SAMN02419584,INH,0.33063650131225586,0.30303030303030304,0
bel_ext,SAMN02419586,INH,0.9910030364990234,0.9881320949432405,1
bel_ext,SAMN02419587,INH,0.9941768646240234,0.9881320949432405,1
bel_ext,SAMN02419588,INH,0.9943300485610962,0.991889699918897,1
bel_ext,SAMN02419589,INH,0.08034384995698929,0.08494208494208494,0
bel_ext,SAMN02419591,INH,0.9932674169540405,0.9881320949432405,1
bel_ext,SAMN02419592,INH,0.9933701753616333,0.9881320949432405,1
bel_ext,SAMN02419593,INH,0.9941768646240234,0.9881320949432405,1
bel_ext,SAMN02419594,INH,0.9779086709022522,0.9774774774774775,0
bel_ext,SAMN02419595,INH,0.9941768646240234,0.9881320949432405,1
bel_ext,SAMN02419596,INH,0.9943300485610962,0.991889699918897,1
bel_ext,SAMN02419597,INH,0.9941768646240234,0.9881320949432405,1
bel_ext,SAMN02419598,INH,0.30626317858695984,0.30303030303030304,0
bel_ext,SAMN02419599,INH,0.9980668425559998,0.991889699918897,1
bel_ext,SAMN02419600,INH,0.9976342916488647,0.991889699918897,1
bel_ext,SAMN02419602,INH,0.9941768646240234,0.9881320949432405,1
bel_ext,SAMN02419604,INH,0.990467369556427,0.9881320949432405,1
bel_ext,SAMN02419610,INH,0.9965871572494507,0.991889699918897,1
bel_ext,SAMN02419611,INH,0.9961593151092529,0.991889699918897,1
bel_ext,SAMN02419612,INH,0.9944257736206055,0.991889699918897,1
bel_ext,SAMN02419615,INH,0.9941768646240234,0.9881320949432405,1
bel_ext,SAMN02419617,INH,0.9975784420967102,0.991889699918897,1
bel_ext,SAMN02419618,INH,0.9976342916488647,0.991889699918897,1
bel_ext,SAMN02419620,INH,0.30626317858695984,0.30303030303030304,0
bel_ext,SAMN02419624,INH,0.9976342916488647,0.991889699918897,1
bel_ext,SAMN02419625,INH,0.33063650131225586,0.30303030303030304,0
bel_ext,SAMN02419626,INH,0.9975675344467163,0.991889699918897,1
bel_ext,SAMN02419627,INH,0.07783890515565872,0.08494208494208494,0
bel_ext,SAMN02419632,INH,0.07783890515565872,0.08494208494208494,0
bel_ext,SAMN02419633,INH,0.05906612053513527,0.046199701937406856,0
bel_ext,SAMN02419635,INH,0.08034384995698929,0.08494208494208494,0
bel_ext,SAMN02419637,INH,0.9977549910545349,0.991889699918897,1
bel_ext,SAMN02419638,INH,0.9941768646240234,0.9881320949432405,1
bel_ext,SAMN02419639,INH,0.9917495250701904,0.9881320949432405,1
bel_ext,SAMN02419641,INH,0.990467369556427,0.9881320949432405,1
bel_ext,SAMN02419642,INH,0.07783890515565872,0.08494208494208494,0
bel_ext,SAMN02419643,INH,0.9929245710372925,0.9881320949432405,1
bel_ext,SAMN02419644,INH,0.08034384995698929,0.08494208494208494,0
bel_ext,SAMN02419645,INH,0.9976342916488647,0.991889699918897,1
bel_ext,SAMN02419646,INH,0.30626317858695984,0.30303030303030304,0
bel_ext,SAMN02419647,INH,0.9976342916488647,0.991889699918897,1
bel_ext,SAMN02419648,INH,0.08034384995698929,0.08494208494208494,0
bel_ext,SAMN02419650,INH,0.9941768646240234,0.9881320949432405,1
bel_ext,SAMN02419651,INH,0.9944449067115784,0.991889699918897,1
bel_ext,SAMN02419653,INH,0.9976342916488647,0.991889699918897,1
bel_ext,SAMN02419654,INH,0.9976342916488647,0.991889699918897,1
bel_ext,SAMN02419655,INH,0.9945724606513977,0.991889699918897,1
bel_ext,SAMN02419656,INH,0.9943300485610962,0.991889699918897,1
bel_ext,SAMN02419657,INH,0.9976342916488647,0.991889699918897,1
bel_ext,SAMN02419658,INH,0.9943300485610962,0.991889699918897,1
bel_ext,SAMN02419660,INH,0.9976342916488647,0.991889699918897,1
bel_ext,SAMN02419661,INH,0.9976342916488647,0.991889699918897,1
bel_ext,SAMN02419662,INH,0.9941768646240234,0.9881320949432405,1
bel_ext,SAMN02419666,INH,0.06180960685014725,0.046199701937406856,0
bel_ext,SAMN02419667,INH,0.9941580295562744,0.9881320949432405,1
bel_ext,SAMN02419668,INH,0.9945400357246399,0.991889699918897,1
bel_ext,SAMN02419669,INH,0.9976342916488647,0.991889699918897,1
bel_ext,SAMN02419670,INH,0.9965896606445312,0.991889699918897,1
bel_ext,SAMN02419673,INH,0.07177795469760895,0.08494208494208494,0
bel_ext,SAMN02419675,INH,0.9943116903305054,0.991889699918897,1
bel_ext,SAMN02419677,INH,0.9976578950881958,0.991889699918897,1
bel_ext,SAMN02419678,INH,0.9975675344467163,0.991889699918897,1
bel_ext,SAMN02419679,INH,0.9937073588371277,0.9881320949432405,1
bel_ext,SAMN02419680,INH,0.33063650131225586,0.30303030303030304,0
bel_ext,SAMN02419681,INH,0.33063650131225586,0.30303030303030304,0
bel_ext,SAMN02419685,INH,0.9934443235397339,0.9881320949432405,1
bel_ext,SAMN02419686,INH,0.33063650131225586,0.30303030303030304,1
bel_ext,SAMN02419533,RIF,0.9910444021224976,0.9784735812133072,1
bel_ext,SAMN02419534,RIF,0.9917531609535217,0.9784735812133072,1
bel_ext,SAMN02419537,RIF,0.08984584361314774,0.04435483870967742,0
bel_ext,SAMN02419541,RIF,0.9919402003288269,0.9784735812133072,1
bel_ext,SAMN02419542,RIF,0.9848935008049011,0.9784735812133072,1
bel_ext,SAMN02419544,RIF,0.29666274785995483,0.12871287128712872,0
bel_ext,SAMN02419546,RIF,0.08984584361314774,0.04435483870967742,0
bel_ext,SAMN02419550,RIF,0.9950299263000488,0.9933481152993349,1
bel_ext,SAMN02419551,RIF,0.9959614872932434,0.9938271604938271,1
bel_ext,SAMN02419552,RIF,0.9918294548988342,0.9784735812133072,0
bel_ext,SAMN02419555,RIF,0.9952574372291565,0.9938271604938271,1
bel_ext,SAMN02419556,RIF,0.9851138591766357,0.9784735812133072,1
bel_ext,SAMN02419558,RIF,0.9910444021224976,0.9784735812133072,1
bel_ext,SAMN02419559,RIF,0.9950523972511292,0.9933481152993349,0
bel_ext,SAMN02419560,RIF,0.9873573780059814,0.9784735812133072,1
bel_ext,SAMN02419561,RIF,0.9933428168296814,0.9933481152993349,1
bel_ext,SAMN02419563,RIF,0.9951657056808472,0.9933481152993349,1
bel_ext,SAMN02419566,RIF,0.9938859343528748,0.9933481152993349,1
bel_ext,SAMN02419568,RIF,0.10061462968587875,0.0810126582278481,0
bel_ext,SAMN02419569,RIF,0.9910444021224976,0.9784735812133072,1
bel_ext,SAMN02419570,RIF,0.9872720837593079,0.9784735812133072,1
bel_ext,SAMN02419572,RIF,0.9952574372291565,0.9938271604938271,1
bel_ext,SAMN02419573,RIF,0.9957167506217957,0.9938271604938271,1
bel_ext,SAMN02419575,RIF,0.10061462968587875,0.0810126582278481,0
bel_ext,SAMN02419578,RIF,0.9787614345550537,0.9784735812133072,1
bel_ext,SAMN02419579,RIF,0.9847915172576904,0.9784735812133072,1
bel_ext,SAMN02419580,RIF,0.995361864566803,0.9938271604938271,0
bel_ext,SAMN02419581,RIF,0.08685661852359772,0.04435483870967742,0
bel_ext,SAMN02419583,RIF,0.9879387617111206,0.9784735812133072,1
bel_ext,SAMN02419584,RIF,0.29666274785995483,0.12871287128712872,0
bel_ext,SAMN02419586,RIF,0.9951388835906982,0.9933481152993349,1
bel_ext,SAMN02419587,RIF,0.9872720837593079,0.9784735812133072,1
bel_ext,SAMN02419588,RIF,0.9910444021224976,0.9784735812133072,1
bel_ext,SAMN02419589,RIF,0.09285910427570343,0.0810126582278481,0
bel_ext,SAMN02419591,RIF,0.9873573780059814,0.9784735812133072,1
bel_ext,SAMN02419592,RIF,0.9898737668991089,0.9784735812133072,1
bel_ext,SAMN02419593,RIF,0.9909408688545227,0.9784735812133072,1
bel_ext,SAMN02419594,RIF,0.409493625164032,0.5471698113207548,0
bel_ext,SAMN02419595,RIF,0.9917531609535217,0.9784735812133072,1
bel_ext,SAMN02419596,RIF,0.9917531609535217,0.9784735812133072,1
bel_ext,SAMN02419597,RIF,0.9910444021224976,0.9784735812133072,1
bel_ext,SAMN02419598,RIF,0.29666274785995483,0.12871287128712872,0
bel_ext,SAMN02419599,RIF,0.9952902793884277,0.9938271604938271,1
bel_ext,SAMN02419600,RIF,0.9952574372291565,0.9938271604938271,1
bel_ext,SAMN02419602,RIF,0.9910444021224976,0.9784735812133072,1
bel_ext,SAMN02419604,RIF,0.9950299263000488,0.9933481152993349,1
bel_ext,SAMN02419610,RIF,0.9948253631591797,0.9933481152993349,1
bel_ext,SAMN02419611,RIF,0.9895190596580505,0.9784735812133072,1
bel_ext,SAMN02419612,RIF,0.9872720837593079,0.9784735812133072,1
bel_ext,SAMN02419615,RIF,0.9917531609535217,0.9784735812133072,1
bel_ext,SAMN02419617,RIF,0.9755089282989502,0.9568345323741008,1
bel_ext,SAMN02419618,RIF,0.9959614872932434,0.9938271604938271,1
bel_ext,SAMN02419620,RIF,0.3080049455165863,0.12871287128712872,0
bel_ext,SAMN02419624,RIF,0.9951657056808472,0.9933481152993349,1
bel_ext,SAMN02419625,RIF,0.28325480222702026,0.12871287128712872,0
bel_ext,SAMN02419626,RIF,0.9961699843406677,0.9938271604938271,1
bel_ext,SAMN02419627,RIF,0.09909380227327347,0.0810126582278481,0
bel_ext,SAMN02419632,RIF,0.08847177773714066,0.04435483870967742,0
bel_ext,SAMN02419633,RIF,0.08422420918941498,0.04435483870967742,0
bel_ext,SAMN02419635,RIF,0.08227775990962982,0.04435483870967742,0
bel_ext,SAMN02419637,RIF,0.9470192790031433,0.9441964285714286,1
bel_ext,SAMN02419638,RIF,0.9917531609535217,0.9784735812133072,1
bel_ext,SAMN02419639,RIF,0.9881365299224854,0.9784735812133072,1
bel_ext,SAMN02419641,RIF,0.9950299263000488,0.9933481152993349,1
bel_ext,SAMN02419642,RIF,0.08847177773714066,0.04435483870967742,0
bel_ext,SAMN02419643,RIF,0.9950278401374817,0.9933481152993349,1
bel_ext,SAMN02419644,RIF,0.08733157068490982,0.04435483870967742,0
bel_ext,SAMN02419645,RIF,0.992026150226593,0.9784735812133072,1
bel_ext,SAMN02419646,RIF,0.29666274785995483,0.12871287128712872,0
bel_ext,SAMN02419647,RIF,0.9959614872932434,0.9938271604938271,1
bel_ext,SAMN02419648,RIF,0.08847177773714066,0.04435483870967742,0
bel_ext,SAMN02419650,RIF,0.9911461472511292,0.9784735812133072,1
bel_ext,SAMN02419651,RIF,0.9892656803131104,0.9784735812133072,1
bel_ext,SAMN02419653,RIF,0.9959614872932434,0.9938271604938271,1
bel_ext,SAMN02419654,RIF,0.9951657056808472,0.9933481152993349,1
bel_ext,SAMN02419655,RIF,0.9909408688545227,0.9784735812133072,1
bel_ext,SAMN02419656,RIF,0.9917531609535217,0.9784735812133072,1
bel_ext,SAMN02419657,RIF,0.9960381984710693,0.9938271604938271,1
bel_ext,SAMN02419658,RIF,0.9917531609535217,0.9784735812133072,1
bel_ext,SAMN02419660,RIF,0.9755843877792358,0.9568345323741008,1
bel_ext,SAMN02419661,RIF,0.9949027299880981,0.9933481152993349,1
bel_ext,SAMN02419662,RIF,0.9910444021224976,0.9784735812133072,1
bel_ext,SAMN02419666,RIF,0.1000552698969841,0.0810126582278481,0
bel_ext,SAMN02419667,RIF,0.9895074963569641,0.9784735812133072,1
bel_ext,SAMN02419668,RIF,0.9876341819763184,0.9784735812133072,1
bel_ext,SAMN02419669,RIF,0.9961699843406677,0.9938271604938271,1
bel_ext,SAMN02419670,RIF,0.9824924468994141,0.9784735812133072,1
bel_ext,SAMN02419673,RIF,0.15564420819282532,0.0810126582278481,0
bel_ext,SAMN02419675,RIF,0.9896541237831116,0.9784735812133072,1
bel_ext,SAMN02419677,RIF,0.9594560861587524,0.9441964285714286,1
bel_ext,SAMN02419678,RIF,0.994950532913208,0.9933481152993349,1
bel_ext,SAMN02419679,RIF,0.9941336512565613,0.9933481152993349,1
bel_ext,SAMN02419680,RIF,0.29666274785995483,0.12871287128712872,0
bel_ext,SAMN02419681,RIF,0.28325480222702026,0.12871287128712872,0
bel_ext,SAMN02419685,RIF,0.9873573780059814,0.9784735812133072,1
bel_ext,SAMN02419686,RIF,0.29666274785995483,0.12871287128712872,1
bel_ext,SAMN02419533,EMB,0.8098610639572144,0.639344262295082,1
bel_ext,SAMN02419534,EMB,0.7448375821113586,0.4999999999999999,1
bel_ext,SAMN02419537,EMB,0.011436352506279945,0.00463678516228748,0
bel_ext,SAMN02419541,EMB,0.7544864416122437,0.639344262295082,1
bel_ext,SAMN02419542,EMB,0.2068764567375183,0.05555555555555555,0
bel_ext,SAMN02419544,EMB,0.010972542688250542,0.00463678516228748,0
bel_ext,SAMN02419546,EMB,0.010174578987061977,0.00463678516228748,0
bel_ext,SAMN02419550,EMB,0.9562791585922241,0.8695652173913043,1
bel_ext,SAMN02419551,EMB,0.9367084503173828,0.8322981366459627,1
bel_ext,SAMN02419552,EMB,0.2931285798549652,0.07317073170731707,0
bel_ext,SAMN02419555,EMB,0.9408512115478516,0.8322981366459627,1
bel_ext,SAMN02419556,EMB,0.6984431147575378,0.4999999999999999,1
bel_ext,SAMN02419558,EMB,0.8098610639572144,0.639344262295082,1
bel_ext,SAMN02419559,EMB,0.9350423216819763,0.8322981366459627,0
bel_ext,SAMN02419560,EMB,0.14160674810409546,0.037267080745341616,1
bel_ext,SAMN02419561,EMB,0.8284755945205688,0.639344262295082,1
bel_ext,SAMN02419563,EMB,0.9408512115478516,0.8322981366459627,1
bel_ext,SAMN02419566,EMB,0.9291755557060242,0.8103448275862069,1
bel_ext,SAMN02419568,EMB,0.015636982396245003,0.00463678516228748,0
bel_ext,SAMN02419569,EMB,0.8098610639572144,0.639344262295082,1
bel_ext,SAMN02419570,EMB,0.8098610639572144,0.639344262295082,1
bel_ext,SAMN02419572,EMB,0.9420465230941772,0.8322981366459627,1
bel_ext,SAMN02419573,EMB,0.9688668251037598,0.9178082191780822,1
bel_ext,SAMN02419575,EMB,0.015636982396245003,0.00463678516228748,0
bel_ext,SAMN02419577,EMB,0.6085842251777649,0.3770491803278688,1
bel_ext,SAMN02419578,EMB,0.4332784116268158,0.2830188679245283,1
bel_ext,SAMN02419579,EMB,0.8323168158531189,0.639344262295082,1
bel_ext,SAMN02419580,EMB,0.8940335512161255,0.71875,0
bel_ext,SAMN02419581,EMB,0.010174578987061977,0.00463678516228748,0
bel_ext,SAMN02419583,EMB,0.8552280068397522,0.639344262295082,1
bel_ext,SAMN02419584,EMB,0.010471590794622898,0.00463678516228748,0
bel_ext,SAMN02419586,EMB,0.9346181154251099,0.8322981366459627,1
bel_ext,SAMN02419587,EMB,0.8098610639572144,0.639344262295082,1
bel_ext,SAMN02419588,EMB,0.8018167018890381,0.639344262295082,1
bel_ext,SAMN02419589,EMB,0.011460896581411362,0.00463678516228748,0
bel_ext,SAMN02419591,EMB,0.1479729562997818,0.052980132450331126,1
bel_ext,SAMN02419592,EMB,0.6085842251777649,0.3770491803278688,1
bel_ext,SAMN02419593,EMB,0.8098610639572144,0.639344262295082,1
bel_ext,SAMN02419594,EMB,0.03623196855187416,0.011961722488038277,0
bel_ext,SAMN02419595,EMB,0.7544864416122437,0.639344262295082,1
bel_ext,SAMN02419596,EMB,0.7448375821113586,0.4999999999999999,1
bel_ext,SAMN02419597,EMB,0.8098610639572144,0.639344262295082,1
bel_ext,SAMN02419598,EMB,0.010471590794622898,0.00463678516228748,0
bel_ext,SAMN02419599,EMB,0.9343265295028687,0.8322981366459627,1
bel_ext,SAMN02419600,EMB,0.9408512115478516,0.8322981366459627,1
bel_ext,SAMN02419602,EMB,0.8098610639572144,0.639344262295082,1
bel_ext,SAMN02419604,EMB,0.9697139859199524,0.9178082191780822,1
bel_ext,SAMN02419610,EMB,0.9636684060096741,0.9178082191780822,1
bel_ext,SAMN02419611,EMB,0.6984431147575378,0.4999999999999999,1
bel_ext,SAMN02419612,EMB,0.8098610639572144,0.639344262295082,1
bel_ext,SAMN02419615,EMB,0.7544864416122437,0.639344262295082,0
bel_ext,SAMN02419617,EMB,0.9392392635345459,0.8322981366459627,1
bel_ext,SAMN02419618,EMB,0.9367084503173828,0.8322981366459627,1
bel_ext,SAMN02419620,EMB,0.010471590794622898,0.00463678516228748,0
bel_ext,SAMN02419624,EMB,0.9394131302833557,0.8322981366459627,1
bel_ext,SAMN02419625,EMB,0.010471590794622898,0.00463678516228748,0
bel_ext,SAMN02419626,EMB,0.9408512115478516,0.8322981366459627,1
bel_ext,SAMN02419627,EMB,0.01450263150036335,0.00463678516228748,0
bel_ext,SAMN02419632,EMB,0.00928704347461462,0.00463678516228748,0
bel_ext,SAMN02419633,EMB,0.0158296637237072,0.00463678516228748,0
bel_ext,SAMN02419635,EMB,0.01020244974642992,0.00463678516228748,0
bel_ext,SAMN02419637,EMB,0.9015637636184692,0.71875,1
bel_ext,SAMN02419638,EMB,0.7544864416122437,0.639344262295082,1
bel_ext,SAMN02419639,EMB,0.8539813756942749,0.639344262295082,1
bel_ext,SAMN02419641,EMB,0.9562791585922241,0.8695652173913043,1
bel_ext,SAMN02419642,EMB,0.010481368750333786,0.00463678516228748,0
bel_ext,SAMN02419643,EMB,0.9612677693367004,0.8695652173913043,1
bel_ext,SAMN02419644,EMB,0.01020244974642992,0.00463678516228748,0
bel_ext,SAMN02419645,EMB,0.9428852796554565,0.8322981366459627,1
bel_ext,SAMN02419646,EMB,0.010471590794622898,0.00463678516228748,0
bel_ext,SAMN02419647,EMB,0.9367084503173828,0.8322981366459627,1
bel_ext,SAMN02419648,EMB,0.010334441438317299,0.00463678516228748,0
bel_ext,SAMN02419650,EMB,0.8098610639572144,0.639344262295082,1
bel_ext,SAMN02419651,EMB,0.8099654316902161,0.639344262295082,1
bel_ext,SAMN02419653,EMB,0.9367084503173828,0.8322981366459627,1
bel_ext,SAMN02419654,EMB,0.9408512115478516,0.8322981366459627,1
bel_ext,SAMN02419655,EMB,0.8092160820960999,0.639344262295082,1
bel_ext,SAMN02419656,EMB,0.7448375821113586,0.4999999999999999,1
bel_ext,SAMN02419657,EMB,0.9367084503173828,0.8322981366459627,1
bel_ext,SAMN02419658,EMB,0.7448375821113586,0.4999999999999999,1
bel_ext,SAMN02419660,EMB,0.9328586459159851,0.8322981366459627,1
bel_ext,SAMN02419661,EMB,0.9351766109466553,0.8322981366459627,1
bel_ext,SAMN02419662,EMB,0.8170285820960999,0.639344262295082,1
bel_ext,SAMN02419666,EMB,0.012907708995044231,0.00463678516228748,0
bel_ext,SAMN02419667,EMB,0.7790701389312744,0.639344262295082,1
bel_ext,SAMN02419668,EMB,0.7478970289230347,0.4999999999999999,1
bel_ext,SAMN02419669,EMB,0.9306742548942566,0.8322981366459627,1
bel_ext,SAMN02419670,EMB,0.8563557267189026,0.639344262295082,1
bel_ext,SAMN02419673,EMB,0.009510875679552555,0.00463678516228748,0
bel_ext,SAMN02419675,EMB,0.7380789518356323,0.4999999999999999,1
bel_ext,SAMN02419677,EMB,0.8865976333618164,0.71875,1
bel_ext,SAMN02419678,EMB,0.9369584918022156,0.8322981366459627,1
bel_ext,SAMN02419679,EMB,0.8384811282157898,0.639344262295082,1
bel_ext,SAMN02419680,EMB,0.010471590794622898,0.00463678516228748,0
bel_ext,SAMN02419681,EMB,0.010471590794622898,0.00463678516228748,0
bel_ext,SAMN02419685,EMB,0.14160674810409546,0.037267080745341616,1
bel_ext,SAMN02419686,EMB,0.010471590794622898,0.00463678516228748,1
bel_ext,SAMN02419537,PZA,0.2140084207057953,0.3058103975535168,0
bel_ext,SAMN02419542,PZA,0.2140084207057953,0.3058103975535168,0
bel_ext,SAMN02419546,PZA,0.2140084207057953,0.3058103975535168,0
bel_ext,SAMN02419550,PZA,0.7844865918159485,0.8365081492973198,1
bel_ext,SAMN02419555,PZA,0.7844865918159485,0.8365081492973198,1
bel_ext,SAMN02419560,PZA,0.7844865918159485,0.8365081492973198,1
bel_ext,SAMN02419561,PZA,0.7844865918159485,0.8365081492973198,1
bel_ext,SAMN02419563,PZA,0.7844865918159485,0.8365081492973198,1
bel_ext,SAMN02419568,PZA,0.2140084207057953,0.3058103975535168,0
bel_ext,SAMN02419577,PZA,0.7844865918159485,0.8365081492973198,1
bel_ext,SAMN02419587,PZA,0.7844865918159485,0.8365081492973198,1
bel_ext,SAMN02419595,PZA,0.7844865918159485,0.8365081492973198,1
bel_ext,SAMN02419610,PZA,0.7844865918159485,0.8365081492973198,1
bel_ext,SAMN02419617,PZA,0.7844865918159485,0.8365081492973198,1
bel_ext,SAMN02419618,PZA,0.7844865918159485,0.8365081492973198,1
bel_ext,SAMN02419620,PZA,0.2140084207057953,0.3058103975535168,0
bel_ext,SAMN02419626,PZA,0.7844865918159485,0.8365081492973198,1
bel_ext,SAMN02419635,PZA,0.2140084207057953,0.3058103975535168,0
bel_ext,SAMN02419641,PZA,0.7844865918159485,0.8365081492973198,1
bel_ext,SAMN02419642,PZA,0.2140084207057953,0.3058103975535168,0
bel_ext,SAMN02419651,PZA,0.7844865918159485,0.8365081492973198,1
bel_ext,SAMN02419655,PZA,0.7844865918159485,0.8365081492973198,1
bel_ext,SAMN02419657,PZA,0.7844865918159485,0.8365081492973198,1
bel_ext,SAMN02419658,PZA,0.7844865918159485,0.8365081492973198,1
bel_ext,SAMN02419668,PZA,0.2140084207057953,0.3058103975535168,1
bel_ext,SAMN02419670,PZA,0.7844865918159485,0.8365081492973198,1
bel_ext,SAMN02419533,STR,0.9389576315879822,0.9669117647058824,1
bel_ext,SAMN02419534,STR,0.9732708930969238,0.9792746113989638,1
bel_ext,SAMN02419537,STR,0.20866179466247559,0.3767441860465116,0
bel_ext,SAMN02419541,STR,0.9732708930969238,0.9792746113989638,1
bel_ext,SAMN02419542,STR,0.9732708930969238,0.9792746113989638,1
bel_ext,SAMN02419544,STR,0.12995651364326477,0.1836734693877551,0
bel_ext,SAMN02419546,STR,0.20866179466247559,0.3767441860465116,0
bel_ext,SAMN02419550,STR,0.5989322662353516,0.76,1
bel_ext,SAMN02419551,STR,0.9270179867744446,0.9669117647058824,1
bel_ext,SAMN02419552,STR,0.520567774772644,0.76,0
bel_ext,SAMN02419555,STR,0.9270179867744446,0.9669117647058824,1
bel_ext,SAMN02419556,STR,0.9389576315879822,0.9669117647058824,1
bel_ext,SAMN02419558,STR,0.9389576315879822,0.9669117647058824,1
bel_ext,SAMN02419559,STR,0.5989322662353516,0.76,0
bel_ext,SAMN02419560,STR,0.9389576315879822,0.9669117647058824,1
bel_ext,SAMN02419561,STR,0.9732708930969238,0.9792746113989638,1
bel_ext,SAMN02419563,STR,0.9281479120254517,0.9669117647058824,1
bel_ext,SAMN02419566,STR,0.8930601477622986,0.9669117647058824,1
bel_ext,SAMN02419568,STR,0.20866179466247559,0.3767441860465116,1
bel_ext,SAMN02419569,STR,0.9389576315879822,0.9669117647058824,1
bel_ext,SAMN02419570,STR,0.9389576315879822,0.9669117647058824,1
bel_ext,SAMN02419572,STR,0.9603387713432312,0.9669117647058824,1
bel_ext,SAMN02419573,STR,0.9732708930969238,0.9792746113989638,1
bel_ext,SAMN02419575,STR,0.20866179466247559,0.3767441860465116,0
bel_ext,SAMN02419577,STR,0.9732708930969238,0.9792746113989638,1
bel_ext,SAMN02419578,STR,0.9270179867744446,0.9669117647058824,1
bel_ext,SAMN02419579,STR,0.9389576315879822,0.9669117647058824,1
bel_ext,SAMN02419580,STR,0.9732708930969238,0.9792746113989638,1
bel_ext,SAMN02419581,STR,0.20866179466247559,0.3767441860465116,0
bel_ext,SAMN02419583,STR,0.9389576315879822,0.9669117647058824,1
bel_ext,SAMN02419584,STR,0.12995651364326477,0.1836734693877551,0
bel_ext,SAMN02419586,STR,0.5989322662353516,0.76,1
bel_ext,SAMN02419587,STR,0.9389576315879822,0.9669117647058824,1
bel_ext,SAMN02419588,STR,0.9389576315879822,0.9669117647058824,1
bel_ext,SAMN02419589,STR,0.21322618424892426,0.3767441860465116,1
bel_ext,SAMN02419591,STR,0.9389576315879822,0.9669117647058824,1
bel_ext,SAMN02419592,STR,0.9732708930969238,0.9792746113989638,1
bel_ext,SAMN02419593,STR,0.9389576315879822,0.9669117647058824,1
bel_ext,SAMN02419594,STR,0.20866179466247559,0.3767441860465116,1
bel_ext,SAMN02419595,STR,0.9732708930969238,0.9792746113989638,1
bel_ext,SAMN02419596,STR,0.9732708930969238,0.9792746113989638,1
bel_ext,SAMN02419597,STR,0.9389576315879822,0.9669117647058824,1
bel_ext,SAMN02419598,STR,0.12995651364326477,0.1836734693877551,0
bel_ext,SAMN02419599,STR,0.9584379196166992,0.9669117647058824,1
bel_ext,SAMN02419600,STR,0.9270179867744446,0.9669117647058824,1
bel_ext,SAMN02419602,STR,0.9389576315879822,0.9669117647058824,1
bel_ext,SAMN02419604,STR,0.5989322662353516,0.76,1
bel_ext,SAMN02419610,STR,0.9344555139541626,0.9669117647058824,1
bel_ext,SAMN02419611,STR,0.9389576315879822,0.9669117647058824,1
bel_ext,SAMN02419612,STR,0.9389576315879822,0.9669117647058824,1
bel_ext,SAMN02419615,STR,0.9732708930969238,0.9792746113989638,1
bel_ext,SAMN02419617,STR,0.9603387713432312,0.9669117647058824,1
bel_ext,SAMN02419618,STR,0.9270179867744446,0.9669117647058824,1
bel_ext,SAMN02419620,STR,0.12995651364326477,0.1836734693877551,0
bel_ext,SAMN02419624,STR,0.9603387713432312,0.9669117647058824,1
bel_ext,SAMN02419625,STR,0.12995651364326477,0.1836734693877551,0
bel_ext,SAMN02419626,STR,0.9270179867744446,0.9669117647058824,1
bel_ext,SAMN02419627,STR,0.20866179466247559,0.3767441860465116,0
bel_ext,SAMN02419632,STR,0.20866179466247559,0.3767441860465116,0
bel_ext,SAMN02419633,STR,0.20866179466247559,0.3767441860465116,0
bel_ext,SAMN02419635,STR,0.21322618424892426,0.3767441860465116,0
bel_ext,SAMN02419637,STR,0.681779146194458,0.8032786885245902,1
bel_ext,SAMN02419638,STR,0.9732708930969238,0.9792746113989638,1
bel_ext,SAMN02419639,STR,0.9344555139541626,0.9669117647058824,1
bel_ext,SAMN02419641,STR,0.5989322662353516,0.76,1
bel_ext,SAMN02419642,STR,0.20866179466247559,0.3767441860465116,0
bel_ext,SAMN02419643,STR,0.9893361330032349,0.9870773011162579,1
bel_ext,SAMN02419644,STR,0.21322618424892426,0.3767441860465116,0
bel_ext,SAMN02419645,STR,0.9270179867744446,0.9669117647058824,1
bel_ext,SAMN02419646,STR,0.12995651364326477,0.1836734693877551,0
bel_ext,SAMN02419647,STR,0.9270179867744446,0.9669117647058824,1
bel_ext,SAMN02419648,STR,0.520567774772644,0.76,0
bel_ext,SAMN02419650,STR,0.9389576315879822,0.9669117647058824,1
bel_ext,SAMN02419651,STR,0.9732708930969238,0.9792746113989638,1
bel_ext,SAMN02419653,STR,0.9270179867744446,0.9669117647058824,1
bel_ext,SAMN02419654,STR,0.9270179867744446,0.9669117647058824,1
bel_ext,SAMN02419655,STR,0.9389576315879822,0.9669117647058824,1
bel_ext,SAMN02419656,STR,0.9732708930969238,0.9792746113989638,1
bel_ext,SAMN02419657,STR,0.9270179867744446,0.9669117647058824,1
bel_ext,SAMN02419658,STR,0.9732708930969238,0.9792746113989638,1
bel_ext,SAMN02419660,STR,0.9270179867744446,0.9669117647058824,1
bel_ext,SAMN02419661,STR,0.9603387713432312,0.9669117647058824,1
bel_ext,SAMN02419662,STR,0.9389576315879822,0.9669117647058824,1
bel_ext,SAMN02419666,STR,0.520567774772644,0.76,0
bel_ext,SAMN02419667,STR,0.9389576315879822,0.9669117647058824,1
bel_ext,SAMN02419668,STR,0.9389576315879822,0.9669117647058824,1
bel_ext,SAMN02419669,STR,0.9270179867744446,0.9669117647058824,1
bel_ext,SAMN02419670,STR,0.980147123336792,0.9792746113989638,1
bel_ext,SAMN02419673,STR,0.20866179466247559,0.3767441860465116,0
bel_ext,SAMN02419675,STR,0.9389576315879822,0.9669117647058824,1
bel_ext,SAMN02419677,STR,0.20866179466247559,0.3767441860465116,1
bel_ext,SAMN02419678,STR,0.9603387713432312,0.9669117647058824,1
bel_ext,SAMN02419679,STR,0.9732708930969238,0.9792746113989638,1
bel_ext,SAMN02419680,STR,0.12995651364326477,0.1836734693877551,0
bel_ext,SAMN02419681,STR,0.12995651364326477,0.1836734693877551,0
bel_ext,SAMN02419685,STR,0.9389576315879822,0.9669117647058824,1
bel_ext,SAMN02419686,STR,0.12995651364326477,0.1836734693877551,1
